OrganisasjonsNummer;BrregNavn;AntallAnsatte;Kode;Kode;Slettedato;Konkurs
822264042;47Bygg AS;2;41.200;AS;;False
817539602;5 ZENZES AS;0;96.020;AS;;False
814537102;Accon Group AS;3;46.769;AS;;False
811607002;ACEA DEVELOPMENT AS;3;68.209;AS;;False
818656742;ACER DIXON AS;1;85.599;AS;;False
821700922;ADDERO AS;8;69.201;AS;;False
822633242;ADVENTURE HELGELAND AS;1;79.903;AS;;False
821968402;ADVOKATFIRMAET MØLLER AS;6;69.100;AS;;False
820244672;AGGREGAT SERVICE AS;0;33.120;AS;;False
821406382;AGK AS;1;70.220;AS;;False
815623932;Ah Takstservice AS;0;68.310;AS;;False
817128572;Ainas Kiosk og Helsekost AS;20;47.112;AS;;False
814800202;AKNATON AS;0;41.109;AS;;False
818059132;ALFA KIROPRAKTIKK - FREDERIK FUCHS;0;86.909;ENK;;False
822235182;AM SKOGSDRIFT AS;2;02.200;AS;;False
813564572;ANALYSYS MASON AS;20;70.220;AS;;False
813973472;ANDREAS WAAG MARTINSEN;0;62.020;ENK;;False
812440012;ANDREW JOHN WELLS PIANOENTERTAINER;0;90.011;ENK;;False
815585232;Annex Consulting AS;3;68.310;AS;;False
814077292;ANSI HOLDING AS;0;41.200;AS;;False
819042462;Anskaffelsesadvokaten AS;1;69.100;AS;;False
816809932;ANTI AS;73;74.102;AS;;False
819832412;APARTÉ AS;0;47.299;AS;;False
821926122;APOLLÔN II AS;1;86.211;AS;;False
820962052;Aqua Seapro AS;0;03.213;AS;;True
812796712;ARAGON MEDIA AS;1;58.140;AS;;False
813302152;ARB INVEST AS;1;45.111;AS;;False
814910652;ARCTIC ELEKTRO AS;18;43.210;AS;;False
823321902;ARCTIC LOGISTICS AS;0;70.220;AS;;False
814350932;ARCTIC SWAN AS;6;03.111;AS;;False
817668992;ART BY LENA ANDERSEN;0;90.031;ENK;;False
821842972;ARWA AUTO SERVICE NAEL ABDULHAKIM ABUSHANAB;0;45.112;ENK;;False
815295242;ARXX THERAPEUTICS AS;4;21.200;AS;;False
819944962;ASCERTRA AS;21;63.110;AS;;False
821992192;ASF HOLDING AS;0;64.308;AS;;False
820260082;ASH AS;5;71.121;AS;;False
814905632;ASKE BRYGGERI AS;11;11.050;AS;;False
812159062;Askepotts Renhold AS;18;81.210;AS;;False
821845262;ATL AS;18;78.200;AS;;False
821862132;AURDAL TAXI;0;49.320;ENK;;False
815498062;AURORA MUSIC AS;3;90.011;AS;;False
816166012;Austevikvegen 10 AS;0;68.320;AS;;False
817912532;AUTODRIVE AS;3;45.200;AS;;False
819933472;AUTOSPORT VERKSTED AS;1;45.200;AS;;False
815105222;AVA OF NORWAY AS;47;46.694;AS;;False
814531082;AVANT;0;94.991;FLI;;False
811613932;Axelar AS;5;70.220;AS;;False
820501152;Azteko AS;7;56.102;AS;;False
814340872;B&T LOGISTIKK AS;22;49.410;AS;;False
813170442;BAG CATERING AS;6;56.210;AS;;False
820602412;BAGØIEN ENDRING, FOREDRAG- OPPLEVELSER-KURS;0;85.599;ENK;;False
815247922;BALKONGSENTERET AS;3;47.529;AS;;False
820473752;BALTESKARD BUSS AS;7;49.392;AS;;False
823459602;BANKEN CAFÈ AS;18;56.101;AS;;False
823554052;Bare 3 AS;5;46.739;AS;;False
818316712;BASSKON AS;0;68.100;AS;;False
811864722;BB GYM TROMSØ AS;0;85.510;AS;;False
818720572;BBM TEKNIKK AS;4;33.150;AS;;False
823323492;BEAUTY BY ANNA AS;4;96.020;AS;;False
815547322;BELLA CAMPING AS;0;56.101;AS;;True
821439132;BENT R. BERGER AS;0;71.129;AS;;False
822198422;BERG-JENSEN INVEST AS;0;41.109;AS;;False
816014492;BERGEN KRISTNE BOKHANDEL AS;3;47.610;AS;;False
818627262;BERGEN-BYGG AS;11;41.200;AS;;False
816349982;BERKON AS;5;41.200;AS;;False
823171382;BESITY AS;1;70.220;AS;;False
813968282;BETA ORGANISASJONSUTVIKLING LINN RASCH AUNE;0;70.220;ENK;;False
818414862;BG VAULT AS;0;00.000;AS;;False
819421552;BIATHLONTEAM AS;0;93.190;AS;;False
818343752;BIG FISH AS;5;74.102;AS;;False
821336112;BIOFOREDLING AS;0;47.990;AS;;False
812635042;BIPA DRILLING AS;1;71.129;AS;;False
821015162;BIRGER DIMITRIJ HENRIKSEN;0;80.100;ENK;;False
818274882;BIRKEBEINERSPELET AS;0;90.020;AS;;False
818476272;BISS SENTRUM AS;39;85.201;AS;;False
822708862;BJØRGESÆTRA UTVIKLING AS;0;68.100;AS;;False
814286592;BJØRNEVIK SERVICE AS;1;33.120;AS;;False
815237242;Blikkenslager Fahlstrøm & Magnussen AS;6;43.911;AS;;False
810684402;BLOKKEN SKIPSVERFT EIENDOM AS;0;68.209;AS;;False
819894922;BLOMERIET BLOMSTER AS;3;47.919;AS;;False
812170112;BLOMSTERBAKKEN 2 AS;0;68.209;AS;;False
814419762;BLOMSTERBAKKEN 2 II AS;0;00.000;AS;;False
823242352;Blomsterteltet Tynset AS;3;47.761;AS;;False
819785082;BLUSHSTUDIO AS;13;96.020;AS;;False
821198062;BLÅMYRA AS;3;74.102;AS;;False
818670362;BOBIL OSLO AS;10;45.192;AS;;False
818103492;BOD OG BEDRING AS;1;74.103;AS;;False
822067662;BOLIG FOR FOLKET AS;0;41.109;AS;;False
813709252;Boligmesteren Prosjekt AS;0;41.109;AS;;False
820746112;BOLIGRÅDGIVEREN AS;4;41.200;AS;;False
817919472;BOMPENGESELSKAP NORD AS;7;84.130;AS;;False
820618602;Borgebund Bygg AS;1;41.200;AS;;False
812496832;BORGUNDFJORDVEIEN 108 AS;1;68.209;AS;;False
814368742;BOTNANS KAFÈ OG CATRING;0;56.101;ENK;;False
816838002;BR-VANEBO HOLDING AS;0;46.694;AS;;False
814732142;BRANDSHAUGS GARAGE RAYMOND BRANDSHAUG;0;45.200;ENK;;False
817932932;Bredbåndservice AS;4;61.100;AS;;False
821703522;Brevetti Nordic AS;2;46.691;AS;;False
816161282;BRØDRENE EK EIENDOM AS;1;68.209;AS;;False
818594682;BRÅTVEIT ENTREPRENØR AS;9;43.120;AS;;False
820370422;BSA BETONGVARE AS;3;46.739;AS;;False
812893602;BSL BYGG AS;12;41.200;AS;;False
815269772;Business Administration Services AS;14;69.201;AS;;False
818780672;Bv Bygg AS;24;41.200;AS;;False
819558752;BY NORWEGIANS AS;0;47.789;AS;;False
811573582;BY1BIL AS;0;45.320;AS;;False
818679262;BYGG & EIENDOM VEST AS;15;41.200;AS;;False
819132992;BYGG OG BRANNTEKNIKK AS;1;71.121;AS;;False
820489462;BYGGLUND AS;6;41.200;AS;;False
813226642;Byggmester Gunnar Breivik AS;1;41.200;AS;;False
813771462;BYGGMESTERAN HOLDING AS;0;68.209;AS;;False
813181282;BYGGSØK NORGE AS;2;71.121;AS;;False
822667422;BYGGTJENESTER HADELAND AS;1;41.200;AS;;False
816163072;BØLJAN BLÅ AS;0;41.200;AS;;False
812439502;Båtkalesjer AS;0;13.929;AS;;True
818576552;C SPESIALIST AS;1;86.211;AS;;False
812387502;Cafe C Stavanger AS;0;56.309;AS;;False
822810152;CAMALETRI EIENDOM AS;0;68.209;AS;;False
819748462;CAMAR HOLDING AS;0;68.209;AS;;False
811550582;CAMPUS 4 AS;0;68.209;AS;;False
812306782;CAMPUS 6 AS;0;41.109;AS;;False
812980262;CAMPUS 7 AS;0;41.109;AS;;False
815714512;CARDINOR AS;6;71.129;AS;;False
813049902;CARTER HOLDING AS;0;00.000;AS;;False
822538452;Cathrines Alternativ AS;3;96.090;AS;;False
821009812;CAV 51 AS;0;68.209;AS;;False
818095732;CFPH AS;0;88.101;AS;;False
822723802;CIVIL GROUP AS;0;70.220;AS;;False
822941222;CIVIL MANAGEMENT AS;6;71.121;AS;;False
818428812;CLAN AS;8;47.710;AS;;False
822123562;CLAQ AS;0;69.203;AS;;False
822880312;CLAY FILLER UTLEIE PÅL-EIRIK SEDOLFSEN;0;68.209;ENK;;False
816480922;CLEAR INK AS;0;86.909;AS;;False
817456332;Cloud Investments AS;0;62.020;AS;;False
818577672;COLLECTIVE AS;3;82.300;AS;;False
820479572;COMPETE CONSULTING GROUP AS;0;70.220;AS;;False
813666782;CONFURA AS;1;71.129;AS;;False
813279312;CONTINUUM MANAGEMENT AS;7;68.320;AS;;False
819943702;CONVERT EIENDOM AS;0;68.209;AS;;False
821090822;COWORX MANDAL AS;0;68.209;AS;;False
823187912;CREATIVE HEADS AS;8;73.110;AS;;False
815062582;CREATIVE MILL AS;16;73.110;AS;;False
816148812;CREATOR MAKERSPACE AS;2;72.190;AS;;False
816666392;Credeva Development AS;0;68.209;AS;;False
821058872;CRO EIENDOM AS;0;68.209;AS;;False
822835872;D-LIGHT AS;0;47.990;AS;;False
812168142;DALE CAPITAL AS;1;70.220;AS;;False
816494532;DALSMARKEN;0;82.300;FLI;;False
823131542;DANIEL PLURA SNEKKERSERVICE AS;1;41.200;AS;;False
811927392;DANIELSEN EL-SUPORT V/JARLE BERNT DANIELSEN;0;71.129;ENK;;False
821756162;Deif Norge AS;10;46.180;AS;;False
813424282;DENARIUS RINGSRUD;0;82.990;ENK;;False
819218862;DESIRED OUTCOME HOLDING AS;0;85.599;AS;;False
822375952;Det Glutenfrie Verksted AS;3;46.769;AS;;False
823450982;DEVOLD CONSULTING AS;13;69.201;AS;;False
814232662;DF RENTAL AS;6;09.109;AS;;False
811880132;DIAMOND ROAD MUSIC AS;1;90.011;AS;;False
815070542;DIN BUSSTUR AS;7;49.392;AS;;False
815835662;DIN KONFERANSEPARTNER AS;3;70.220;AS;;False
823441142;Dokka Farge Og Miljø AS;15;47.523;AS;;False
816492882;DONKEYBOY MUSIC GROUP AS;0;59.200;AS;;False
822585582;DR KYSTFISKE AS;0;03.111;AS;;False
823485352;Drabløs Bygg;0;41.200;ENK;;False
812184032;DREVFJELL AS;1;62.010;AS;;False
815797132;Drift Snph AS;0;55.101;AS;;False
817400612;DYRLEGEN PÅ NESODDEN AS;1;75.000;AS;;False
814835022;DYRUD MASKIN OG UTEMILJØ AS;12;43.120;AS;;False
810463902;E Berentsen AS;0;68.209;AS;;False
822695302;E&C TØMRERTJENESTER AS;2;41.200;AS;;False
817993362;EAPARTNER AS;0;43.210;AS;;False
814934942;EATS 3 AS;0;68.209;AS;;False
823633882;EBUTIKKEN UTVIKLING AS;0;62.010;AS;;False
812830732;ECIT OS AS;14;69.201;AS;;False
821889472;ECO STOR AS;17;72.190;AS;;False
811903922;ECONOMICA AS;0;70.220;AS;;False
822904882;ED SOLUTIONS AS;3;70.220;AS;;False
818770472;EFFEE AS;1;28.910;AS;;False
818340532;EIDE LEGESENTER AS;0;86.211;AS;;False
821553962;EIERSEKSJONSSAMEIET EPLEHAGEN;0;N/A;ESEK;;False
820184602;Eierseksjonssameiet Sem Hageby;0;N/A;ESEK;;False
817110592;EIK ENTER AS;2;79.903;AS;;False
822168132;ELDØY AS;0;85.599;AS;;False
816214882;ELVEPARKEN EIENDOM AS;0;41.109;AS;;False
818297572;ELVFJORDEN HOLDING AS;0;68.209;AS;;False
814084272;ELVIS ELEKTRO AS;14;43.210;AS;;False
818983662;EMS-FEHN-GROUP SCANDINAVIA AS;42;42.220;AS;;False
818858892;EMTUNGA HOLDCO AS;0;68.209;AS;;False
823256272;Endretta AS;0;93.190;AS;;False
816729432;ENGINEER.IT AS;0;62.010;AS;;False
818501072;EPO INVEST AS;0;70.220;AS;;True
819849862;ERM EIENDOM AS;0;00.000;AS;;False
823073232;ESPEN SIMENSEN HOLDING AS;0;62.010;AS;;False
818609582;ESSENS VIGDIS DAGSPA AS;18;96.020;AS;;False
812172352;EVENES BYGDESERVICE AS;0;43.320;AS;;False
812555472;EVENT & HAPPENINGS AS;1;90.020;AS;;False
815497732;EVJA PROPERTY AS;0;68.100;AS;;False
822403972;EVO PARTNERS AS;0;70.220;AS;;False
815274032;Fagerlia Hytteforening;0;68.320;FLI;;False
820884892;FAIIR REVISJON DA;0;69.202;DA;;False
817677282;FAUN AS;0;68.100;AS;;False
820801482;FAYE-LUND GRAPHICS;0;62.010;ENK;;False
815346572;FAZENDA UTVIKLING AS;4;68.209;AS;;False
812276212;Feel Free Production AS;16;31.090;AS;;False
821710022;FENNE MASKIN;0;43.120;ENK;;False
812977652;FINN ARNE SIVERTSEN;0;70.220;ENK;;False
814213242;FISKUMPARKEN AS;0;41.109;AS;;False
812467492;FIT4FUN AS;0;46.389;AS;;False
820365232;FJELLHAMMERVEIEN 11C AS;0;68.209;AS;;False
816114462;FJORD & FJELL HOTEL ULVIK AS;0;41.109;AS;;False
823169442;FLIK EIENDOM AS;2;55.102;AS;;False
821408172;FLORØ MOTE AS;4;47.710;AS;;False
820067592;FNP C3-2 AS;0;68.209;AS;;False
820072332;FNP FELT B VEST AS;0;68.209;AS;;False
822712452;FOCUS KAFE AS;13;56.101;AS;;False
812164872;FOLKETS HUS NARVIK AS;0;68.209;AS;;False
820404122;FORENINGEN FORTELLINGENS KRAFT;0;94.991;FLI;;False
821532752;FORENINGSGATEN 1 AS;0;68.209;AS;;False
813561212;FORNEBU BUTIKKDRIFT AS;0;47.593;AS;;False
812084232;FOSEN DYREKLINIKK AS;7;75.000;AS;;False
819348502;Fosen Trapp & Interiør AS;8;16.232;AS;;False
823251602;FOSSHEIM TURISTHOTELL AS;37;55.101;AS;;False
813452642;FOTOGRAF MATS JENSAAS AS;4;74.200;AS;;False
820572882;FRAKKE FOLK AS;0;79.903;AS;;False
818441622;FRAM X AS;2;62.020;AS;;False
812376152;FREDLUND TØMRERFIRMA;0;41.200;ENK;;False
812236342;Frekhaug Byggsenter AS;24;47.521;AS;;False
812579622;Fridahl Eiendom AS;1;68.209;AS;;False
819415072;FRK. BREKKE AS;0;47.510;AS;;True
819757712;FRODE SMINES AS;3;43.120;AS;;False
813397552;Fruktgården AS;31;01.240;AS;;False
822773532;FURULUND MASKIN ENTREPRENØR AS;1;43.120;AS;;False
813587912;Fusa Lyd & Lys AS;6;90.020;AS;;False
822917372;FUZZY MOLDE AS;10;56.101;AS;;False
819706662;FØLL AS;1;41.200;AS;;False
814138712;G&A Air AS;0;51.100;AS;;False
820947592;G1S INVEST AS;0;00.000;AS;;False
820379942;G3 UTVIKLING AS;0;41.109;AS;;False
814500632;GAMLE FREDRIKSTAD HÅNDBALLKLUBB;0;93.120;FLI;;False
819657742;GDK PRO AS;2;43.320;AS;;False
818746032;Geiranger Camping AS;3;55.300;AS;;False
820430662;GEO GRUPPEN AS;0;68.209;AS;;False
821777062;GETACCEPT AS;2;58.290;AS;;False
819360502;GLASSCON AS;6;47.529;AS;;False
817356052;GLASSMESTER BODØ AS;2;43.342;AS;;False
815412982;Glassproffen AS;7;43.342;AS;;False
812570552;GLIMT MEDIA AS;1;58.140;AS;;False
817864872;GLOBAL RENTALS AS;12;46.630;AS;;False
816655552;GLOEN KB INVEST AS;0;68.100;AS;;False
818601212;GO2LOFOTEN AS;5;79.903;AS;;False
814424812;GODBITEN SZABELSKA;0;81.210;ENK;;False
821734452;GOFORIT AS;12;47.721;AS;;False
814266532;GOKSØYR & MARTENS;3;90.012;STI;;False
813308312;GORSETGRENDA VEILAG OG HYTTEFORENING SA;0;68.320;SA;;False
821635462;GP SYSTEMS AS;4;41.200;AS;;False
821668832;GRANVOLL EIENDOM AS;0;41.109;AS;;False
818187432;GRATANGEN RØDE KORS;0;94.991;FLI;;False
821430062;GRAVALID HOLDING AS;0;68.209;AS;;False
821036372;GREENROOM SOLVOR WIIG;0;31.090;ENK;;False
818004842;GROSSISTEN AS;2;93.190;AS;;False
821675022;GRØNLIA AS;0;41.109;AS;;False
821126932;Gsj Invest AS;1;86.211;AS;;False
822221742;GULLE EIENDOM AS;0;68.209;AS;;False
814869342;GULVSYSTEM NORD-NORGE AS;0;43.330;AS;;False
816315492;GUTTORMSEN AS;20;49.410;AS;;False
823244002;H. HOLMEBAKKEN AS;2;43.990;AS;;False
821962412;H.H. EIENDOM AS;0;68.209;AS;;False
816298512;H5 NORGE AS;2;62.010;AS;;False
820759362;Haldorgården AS;0;41.109;AS;;False
819855072;HALL MONTASJE AS;6;41.200;AS;;False
812865412;HALLANGSPOLLEN VA-DRIFT SA;0;36.000;SA;;False
823617232;HALLERUD CONSULTING AS;2;70.220;AS;;False
815488482;HALLINGSKARVET EIENDOM AS;0;68.209;AS;;False
811867152;HANS-HENRIK FURULUND EIENDOM AS;0;68.209;AS;;False
822363792;Hansnes Fisk AS;0;03.111;AS;;False
817927262;HARK TECHNOLOGIES AS;12;46.431;AS;;False
822965962;HATCH ACCELERATOR FUND AS;0;00.000;AS;;False
818491352;Haugbukta Fysikalske ANS;0;86.902;ANS;;False
814125432;HAUGESTAD AS;0;00.000;AS;;False
815672852;HAV ENERGY HOLDING AS;0;09.109;AS;;False
818865082;HAVBRUKSPARTNER AS;3;03.213;AS;;False
815671392;HDR AS;0;68.209;AS;;False
821788862;HEADLOCK INVEST AS;0;00.000;AS;;False
818097832;HEI31 AS;0;41.109;AS;;False
816791642;Heilt På Jordet Anders Kvalø Pettersen;0;68.209;ENK;;False
812388592;HELGA LIND GÅRDEN;0;N/A;ESEK;;False
820530942;Helgeland Hogst AS;4;02.400;AS;;False
823130422;HELGELAND REVISJON AS;7;69.202;AS;;False
817364462;HELMER LUNDGREENS GATE 2 AS;0;68.209;AS;;False
815847822;HELT RENT TJENESTER AS;28;81.210;AS;;False
817719902;HEMJERN AS;0;72.190;AS;;False
818398832;HENRIKS VEI UTVIKLING AS;0;41.109;AS;;False
813694832;HENRIKSEN BYGG AS;12;41.200;AS;;False
812070592;Herbrandsen Invest AS;1;00.000;AS;;False
821971462;Hexeberg Holding AS;2;43.120;AS;;False
816505682;HFB Lofoten AS;0;68.209;AS;;False
818312512;Hi5 Film AS;9;59.110;AS;;False
813369702;HILUX AS;4;90.020;AS;;False
822111432;HJELPEMIDLER ØST AS;1;46.460;AS;;False
819888132;HJEM & INTERIØR KOMOROWSKA;0;43.341;ENK;;False
820847032;HJORTERO HYTTER AS;1;41.109;AS;;False
816195322;HNP 4 AS;0;68.209;AS;;False
816195292;HNP INFRA 2 AS;0;42.110;AS;;False
814467902;HOUSE OF HAIR AS;7;96.020;AS;;False
821249902;Hov Eiendom og Utleie AS;0;68.100;AS;;False
815686322;HQ SERVICES AS;0;93.130;AS;;False
814633462;HS INVEST AS;0;68.209;AS;;False
821888522;Huddlestock Fintech AS;3;62.010;AS;;False
821620392;HUG BETONG AS;24;68.209;AS;;False
822906222;HUSTADVIKA TRAFIKKSKOLE AS;2;85.530;AS;;False
820901312;HV VII Invest Foxtrot AS;0;00.000;AS;;False
817950892;HYLKJE NÆRINGSBYGG 12 AS;0;68.209;AS;;False
816572932;HØGEBAKKEN EIENDOM AS;0;68.209;AS;;False
817798772;HØSTBAKKEN EIENDOMSSERVICE AS;2;81.101;AS;;False
812536532;HAAGAAS INVEST AS;0;68.100;AS;;False
823212852;IH3 EIENDOM AS;0;68.209;AS;;False
819626472;IMN INNOVATION MEDICAL NORWAY JENS KJELDGAARD;0;46.180;ENK;;False
819952892;IN HOUSE EIENDOMSMEGLING AS;6;68.310;AS;;False
819272182;IN THE PARK AS;1;90.011;AS;;False
819487812;INDRE ØSTFOLD NÆRINGSUTVIKLING AS;2;70.220;AS;;False
814184072;INDUNOR AS;82;43.320;AS;;False
816235502;INDUSTRISTÅL AS;2;46.720;AS;;False
815293622;ING. ROBIN SVENDSEN AS;1;43.210;AS;;False
814379892;INNOVATION LAB NORGE AS;0;62.020;AS;;False
815043782;INPROG AS;4;62.010;AS;;False
820604822;INTERKREDITT KAPITAL AS;1;64.920;AS;;False
814950662;INTERLOCK AS;0;71.129;AS;;False
818672322;INTSA AS;0;74.909;AS;;False
823479662;INVESTAD AS;1;70.220;AS;;False
816073502;iProsess AS;2;70.220;AS;;False
816034612;IRIS REGNSKAP AS;1;69.201;AS;;False
815180542;ISOBYGG NORDLAND AS;4;41.200;AS;;False
818351682;JACOB KJØDES EIENDOM AS;0;41.109;AS;;False
816559812;JAIME COELHO ART AND DESIGN;0;96.090;ENK;;False
823119542;JAKOBSEN MEKANISKE VERKSTED DRIFT AS;6;33.150;AS;;False
816142032;JAMES STRONG AS;0;68.209;AS;;False
820511212;JAN HUGO SVENDSEN INVEST AS;0;70.220;AS;;False
819139652;JANNE LARSEN HOLDING AS;0;64.308;AS;;False
815603702;JB ANLEGGSSERVICE AS;11;43.120;AS;;False
822904602;JEGERS SERVICEBUREAU AS;2;81.101;AS;;False
817781322;JENS A. LARSEN AAS ILLUSTRATION & DESIGN;0;90.031;ENK;;False
817995012;JESSHEIM TRANSPORT AS;1;49.410;AS;;False
814767302;JGG AS;1;68.209;AS;;False
820382722;Jho Maskin Og Transport AS;1;43.120;AS;;False
820538692;JMF BYGG OG EIENDOM AS;0;41.200;AS;;False
821435412;JOACHIM BANG;0;43.320;ENK;;False
823160712;JOBBUTSTYR AS;1;46.421;AS;;False
819154082;JON TORE SAND AS;3;49.410;AS;;False
817636012;JTC AUTO AS;3;45.112;AS;;False
814398862;JUJO INVEST AS;0;00.000;AS;;False
817681972;JURO EIENDOM AS;0;68.209;AS;;False
822155022;JYW AS;2;81.210;AS;;False
816841542;JÆREN SKOGLAG AS;1;02.100;AS;;False
812003402;JÆRENS ÆRVERDIGE FORENING FOR UISGE BEATHA'S FREMME;0;94.991;FLI;;False
815540662;JÆRKOKKEN AS;9;56.101;AS;;False
821032512;K11 Investor AS;0;00.000;AS;;False
820602072;KA-SERVICE AS;3;71.129;AS;;False
818772092;KABELVÅG HAVN DRIFT AS;0;55.101;AS;;False
822753892;Kabelvåg Regnskap AS;3;69.201;AS;;False
822851932;KAIA HEGRE AS;0;01.430;AS;;False
821749492;Kaman AS;3;66.220;AS;;False
812790242;KANALTOMTA AS;0;00.000;AS;;False
819307792;KAREN CONSULTING KAREN SANN FOUGNER;0;70.220;ENK;;False
811851612;KARLSAUNE MASKIN AS;1;43.120;AS;;False
814867072;KARLSEN BYGG;1;41.200;ENK;;False
818021682;KARNE HOLDING AS;0;70.220;AS;;False
814787362;KARSTENSENS AS;1;74.101;AS;;False
817758142;KERMES & SAFFRON AS;0;64.308;AS;;False
822355102;Ki-Tech Global AS;0;00.000;AS;;False
823567952;Kids Og Kaffe AS;15;56.101;AS;;False
820674022;KISTEBUNNEN INVEST AS;0;64.308;AS;;False
822907172;KJELVIKSPILLET AS;0;90.012;AS;;False
816037522;KLEVEN BYGG HOLDING AS;0;41.200;AS;;False
811320862;KLINGVIG AS;0;68.209;AS;;False
823261152;KNIKSEN SPORTSBAR OASEN AS;25;56.301;AS;;False
819733872;KOBBERLØPET AS;1;79.903;AS;;False
819502102;KODA GROUP AS;0;46.493;AS;;False
815001052;KOKSTAD TANNLEGEPRAKSIS AS;2;86.230;AS;;False
823400632;Kokstadflaten Utleie AS;0;68.209;AS;;False
814721132;KONGENS GATE 26 AS;0;68.209;AS;;False
821569222;KONGSVINGER EIENDOM HOLDING AS;1;68.209;AS;;False
815049942;KONSULENT1WISMAR HENRIK WISMAR;0;86.904;ENK;;False
817270492;Kraft Glass Bømlo AS;0;43.342;AS;;False
822245242;KRAMSJØ AS;9;56.101;AS;;False
820828682;KRANSVIK KYSTFISKE AS;0;03.111;AS;;False
821581222;KRATHE HELSE AS;1;86.909;AS;;False
823099002;KREKLING CONSULTING AS;1;85.599;AS;;False
814082822;KRO HOLDING AS;0;43.221;AS;;False
820277902;KVAMSØY FRITIDSBOLIGER AS;0;41.200;AS;;False
814366162;KVARØY OPPDRETTSERVICE AS;14;03.213;AS;;False
818284942;KVIA INVESTERING AS;1;45.112;AS;;False
822772552;Kvinnherad Fjordresort AS;0;68.209;AS;;False
821469902;KVITFJELLTOPPEN SAMEIERFORENING (KSF);0;94.991;FLI;;False
819923752;KVÅLSETH UTLEIGE AS;0;77.110;AS;;False
819827842;KYMAR SOLUTIONS AS;9;33.120;AS;;False
819745412;KÅLSTØ HOLDING AS;0;47.111;AS;;False
821743842;L. SVARTDAL INVEST AS;1;64.308;AS;;False
821091942;LA MASKIN AS;0;81.299;AS;;False
821638402;LANDBRUKMEDMEIR ARNE KRINGLEN;0;02.200;ENK;;False
817372902;LANGVIK MASKIN AS;11;43.120;AS;;False
821015472;Lantan AS;0;68.209;AS;;False
822365582;Larsnes Holding AS;0;45.200;AS;;False
821512662;Lassen Fjordfisk;0;03.111;ENK;;False
817357202;LATEBRO AS;0;62.010;AS;;False
814391132;Lator Skiltfabrikk AS;3;25.990;AS;;False
818140932;LCA.NO AS;13;62.010;AS;;False
812802062;LE'GANZ OUTLET AS;0;47.722;AS;;False
813841592;Leirvik Sveis A/S;0;68.209;AS;;False
815162692;LEMONWAX AS;11;45.200;AS;;False
822200702;LENE FRIBERG-MASSASJETERAPEUT AS;1;86.909;AS;;False
817687512;LEYER AS;0;74.903;AS;;False
823480652;LH OG SØNN AS;0;47.990;AS;;False
811783072;Lillebakk Holding AS;0;71.129;AS;;False
822122922;LINDA STUHAUG AS;1;90.035;AS;;False
815609522;LINDELID & KNUTSEN AS;6;41.200;AS;;False
816340012;Ll Eiendom Harstad AS;0;68.209;AS;;False
821696232;Lofoten takst AS;4;74.901;AS;;False
820123212;LOFOTEN UTLEIESENTER AS;0;77.390;AS;;False
817826202;LOFOTSTRIKK GRO AGNETE BERGLUND;0;47.919;ENK;;False
814078752;Lokalveien Utvikling AS;0;41.109;AS;;False
822595332;LOS TACOS LØKKA AS;22;56.101;AS;;False
818130252;Louises Gårdsdrift AS;0;56.101;AS;;False
818711832;LUFTAMBULANSETJENESTEN HF;28;86.907;SÆR;;False
814924122;Lyder Fiskebåt AS;0;03.111;AS;;False
822828132;LYGREGÅRDEN EIENDOM AS;0;68.209;AS;;True
822750192;LØKKACATERING AS;2;56.210;AS;;False
815431332;LØVLAND EIENDOM AS;0;68.209;AS;;False
814880702;Løvlie Hytteservice;0;43.919;ENK;;False
813587882;Löwenstein Tømrer AS;3;41.200;AS;;False
820427092;M&M PROPERTY AS;0;68.209;AS;;False
811996432;M7 Regnskap AS;0;69.201;AS;;False
822076882;MA AKTIVA AS;0;64.308;AS;;False
821255112;Madame Beauté Cristina Ioana Ionita Skjæveland;0;96.040;ENK;;False
818112572;Maison Grabot AS;0;10.710;AS;;False
819700842;MALERBODEN STORD AS;7;47.523;AS;;False
817896952;MANGA RISIO ONWUAGHA;0;86.230;ENK;;False
822719392;Mantiz AS;0;62.020;AS;;False
822244572;MAP CO OSLO AS;0;41.200;AS;;False
822433502;Mari Staveland AS;1;70.220;AS;;False
822406742;MARMAG HENRIKSEN;0;43.320;ENK;;False
815420152;MARQUEE AS;0;59.200;AS;;False
813288842;MARVIN HANSEN EIENDOM AS;5;43.120;AS;;False
812262432;MASKIN UTLEIE AS;0;68.100;AS;;False
815161742;MATRIX ADVOKATER AS;12;69.100;AS;;False
816964482;MAWA PLAST AS;1;22.290;AS;;False
821228182;MB BYGG AS;0;41.200;AS;;False
819935602;MC GARASJEN AS;3;45.403;AS;;False
815450132;MEDIER24 AS;15;58.130;AS;;False
821422442;MERAKI FRISØR AS;4;96.020;AS;;False
823627432;MERKURPOS AS;0;62.010;AS;;False
813317052;METRO SØR AS;22;56.101;AS;;False
822205682;Mg Tech AS;0;62.010;AS;;False
817492622;MIDAS EIENDOM AS;0;41.109;AS;;False
818500912;Mindshift AS;16;70.220;AS;;False
821609402;MINGE CONSULTING;0;43.221;ENK;;False
821641802;Mistel Accounting AS;4;69.201;AS;;False
820872622;ML PLENUM AS;24;56.101;AS;;False
818286252;Mlunia 2 AS;0;68.209;AS;;False
817548822;MLUNIA AS;0;68.209;AS;;False
814351432;Mobekk Invest AS;1;68.209;AS;;False
821829682;MOBMAN HOLDING AS;0;71.129;AS;;False
822017002;MODAL AKTIVA AS;0;64.308;AS;;False
813337592;Moderne Bygg 1 AS;0;41.109;AS;;False
819777292;MOLDE AUTO AS;3;68.209;AS;;False
817089062;MOMENT HOLDING AS;5;68.209;AS;;False
821377242;MONCLAIR TRANSPORT;0;53.200;ENK;;False
816026172;MONKSIDE AS;0;68.209;AS;;False
822364632;MORGENSTJERNEN HELSEBOLIG AS;3;68.209;AS;;False
820443942;MVR LANDBRUK & VEIDRIFT AS;0;43.120;AS;;False
820488512;MØLLER BYGG AS;23;43.330;AS;;False
819732612;MØRKVED HANDELSEIENDOM AS;0;68.100;AS;;False
815879732;N. GRØNSETH AS;5;77.110;AS;;False
815008022;N33 Bolig AS;0;68.100;AS;;False
820800052;NANU MALERFIRMA AS;9;43.341;AS;;False
820261542;NARVIK BYGG PROSJEKT AS;2;41.109;AS;;False
813560852;NCG EIENDOM AS;0;68.209;AS;;False
817833942;NESTA UTMARK AS;0;64.308;AS;;False
811738042;NESTTUNVEGEN 99 INVEST AS;0;68.209;AS;;False
821664462;NIPA LIPA AS;0;71.129;AS;;False
812100882;NITRA AS;1;64.308;AS;;False
821167922;NOA AS;2;62.010;AS;;False
815607732;NOORTH AS;0;77.210;AS;;False
821209862;NORA HAGFORS INTERIØRARKITEKTUR AS;1;74.103;AS;;False
817149332;NORDBYS SJØBOD;0;55.202;ENK;;False
822772412;NORDRE SØRØYA RORBUER AS;4;68.209;AS;;False
822989152;Nordre Torv 6 AS;0;68.209;AS;;False
815895142;NORDYNAMIC AS;0;33.120;AS;;False
816667232;NORGES REALFAGSUNGDOMSSKOLE SANDVIKA AS;31;85.201;AS;;False
822349242;NORINNOVA NARVIK AS;0;62.020;AS;;False
820521692;NORLITA AS;11;46.739;AS;;False
817403492;NORMAR TRADING AS;19;33.120;AS;;False
815799372;NORMARINE ENGINEERING AS;1;71.129;AS;;False
815359062;NORSK BYGNINGSRÅDGIVNING AS;0;71.121;AS;;True
814225992;NORSK RUTEBILSTASJON AS;0;68.209;AS;;False
819113912;NORSK SOLAR AS;20;71.129;AS;;False
816946352;NORSUPPLY EIENDOM AS;0;00.000;AS;;False
820846532;NORTH OF LYNGEN APARTMENTS AS;5;55.101;AS;;False
822706592;Norwaste AS;9;71.129;AS;;False
817263402;NORWEGIAN INSPECTION SERVICE AS;1;71.129;AS;;False
821196922;NOVARTIS GENE THERAPIES SWITZERLAND GMBH;0;46.460;NUF;;False
814779912;NT REFECTIO X AS;0;82.990;AS;;False
815101952;NT REFECTIO XII AS;0;82.990;AS;;False
817381332;NT REFECTIO XVI AS;0;82.990;AS;;False
819494002;NUBBEN BARNEHAGEDRIFT AS;26;88.911;AS;;False
818658192;NYGAARDSGATA 39 HOLDING AS;0;68.209;AS;;False
821055652;O.K.A HOLDING AS;0;64.308;AS;;False
821625122;ODDGEIR OLSTAD E70;2;49.320;ENK;;False
822875912;Oddleiv Sæle Konsult AS;0;70.220;AS;;False
813874792;OK Transport & Maskin AS;0;49.410;AS;;False
821007062;OLA BØ;0;62.020;ENK;;False
822611362;Ola Pettersen;0;41.200;ENK;;False
816640652;OLJE INVEST AS;0;71.129;AS;;False
811717142;OLSEN AUTO JESSHEIM AS;9;45.200;AS;;False
820249682;OLSOK AS;12;47.710;AS;;False
816496012;OLSRUDSKAUEN 10-12 AS;0;41.109;AS;;False
821998662;OMEGA Tek AS;0;46.694;AS;;False
819574502;OPPDAL TRAFIKKSKOLE AS;6;85.530;AS;;False
817744362;OPPMUNTRING AS;0;47.990;AS;;False
822969062;Oppsving Eiendom AS;0;68.209;AS;;False
813984792;ORDINEM SIA;0;38.110;NUF;;False
812245732;Organic Feelgood AS;0;46.389;AS;;False
823011512;Orvei Invest AS;0;00.000;AS;;False
813544342;OSLAND AS;1;43.110;AS;;False
816796822;OSLO GULVLEGGERSERVICE AS;5;43.330;AS;;False
816683262;OTERHALS INVEST AS;0;68.100;AS;;False
822884512;PANDORA-NORGE JOHN PETTER THINGSTAD;0;26.700;ENK;;False
820390342;PAPIRDESIGN AS;3;74.102;AS;;False
819483922;PARA SAMFUNN;5;90.012;FLI;;False
821586992;PART OF AS;0;70.220;AS;;False
820963512;PARTNER BERGEN AS;1;68.209;AS;;False
823600372;PAXON HAUGESUND AS;11;71.121;AS;;False
811780812;PER OLE OSKAL;4;01.490;ENK;;False
818788282;PETROLEUM EIENDOM AS;0;68.209;AS;;False
822886582;PIXERY MEDIA NORWAY AS;2;62.090;AS;;False
811868892;PK PAINTING POVILAS KASELIS;2;43.341;ENK;;False
821016312;Placht Holding AS;0;68.209;AS;;False
820177592;PLAN C AS;0;59.110;AS;;False
811855162;PLASSEN FLORØ AS;0;41.109;AS;;False
814837882;POG TRADING AS;0;71.129;AS;;False
821374502;POSITIV KOMPETANSE NORGE AS;2;78.100;AS;;False
819334072;POWERLINE ICS AS;2;71.129;AS;;False
821205522;PRAELIA AS;1;46.693;AS;;False
813672812;PRATERIET LOGOPEDSENTER AS;5;86.909;AS;;False
817934722;PRESSURA AS;6;71.129;AS;;False
815612892;PRESTESTIEN TANNLEGEPRAKSIS AS;7;86.230;AS;;False
817193722;PRIMÆRKONTAKTEN FOR MUSKEL & SKJELETT AS;0;86.909;AS;;False
812183192;PRIMÆRKONTAKTEN FOR MUSKEL-OG SKJELETTPLAGER AS;1;86.909;AS;;False
821178282;PRITEX AS;4;82.110;AS;;False
817103022;PROGRESSING MINDS AS;1;70.220;AS;;False
817627722;PROJECT NEON AS;7;73.110;AS;;False
818767072;Prosjekt Service AS;1;71.121;AS;;False
814881962;PRYD AV CAPELLI AS;6;96.020;AS;;False
816827922;R HANSEN AS;1;77.320;AS;;False
822046282;R HANSEN CONSULTING;0;70.220;ENK;;False
818625952;R. LYNGVÆR EIENDOM AS;1;78.200;AS;;False
811998222;RAYMOND ARONSEN TRANSPORT & GRAVING AS;1;43.120;AS;;False
819760632;RCC INVEST AS;0;68.100;AS;;False
823577842;REFSTADVEIEN 22 AS;0;68.209;AS;;False
820320832;REINE UTVIKLING AS;0;41.200;AS;;False
822082432;REINEBRINGEN SPORT AS;0;47.641;AS;;False
812574272;REINSVE EIENDOM AS;2;68.209;AS;;False
816324882;REKA NAGY NEGLEDESIGN;0;96.020;ENK;;False
812972502;REVOLVER AS;0;70.220;AS;;False
815357892;RIKTIG SPOR MO I RANA AS;5;74.102;AS;;False
813798832;RINGVEIEN 5 AS;0;68.209;AS;;False
820590082;RISTE ARKITEKTUR AS;2;71.112;AS;;False
818941382;Risørholmen Holding AS;0;46.381;AS;;False
823393342;RNP E2 AS;0;68.209;AS;;False
813933632;ROGALAND DRIFTSSERVICE AS;10;81.101;AS;;False
816499372;ROKO REKKVERK AS;1;46.739;AS;;False
821066212;RS GLOBAL ENERGY AS;0;70.220;AS;;False
822845932;RUND BAUT AS;1;70.220;AS;;False
823149972;RYDMARKGÅRDEN & CO AS;0;68.209;AS;;False
811956732;RØKENES GÅRD & GJESTEHUS AS;25;56.101;AS;;False
815101812;RØRLEGGER RUNE FLEM AS;1;43.221;AS;;False
814484602;RØYRMYRA VINDPARK AS;0;35.112;AS;;False
818718152;Røyskatt Holding AS;0;68.209;AS;;False
817104762;RÅSTAD FOODS AS;1;10.860;AS;;False
811932892;SALTENS DAMP EIENDOM AS;0;68.209;AS;;False
822724752;SALTVIK MEKANISKE AS;0;25.110;AS;;True
821479762;SAMEIET ANDERS SKJOLDS VEI 26,28,30,32 OG 34;0;;ESEK;;False
821453402;SAMEIET AUREOSEN BRYGGE;0;N/A;ESEK;;False
821356172;SAMEIET HVETEVEGEN BKS7;0;N/A;ESEK;;False
816007372;Sameiet Kjempeholen 1 Og 3;0;97.000;ESEK;;False
820230582;SAMEIET KONGENS GATE 28 A-B;0;N/A;ESEK;;False
814530922;Sameiet Krags vei 10;0;N/A;ESEK;;False
819886482;SAMEIET PRESTGÅRDSLIA;0;N/A;ESEK;;False
812105302;Sameiet Prinsens Gate 3b;0;N/A;ESEK;;False
814068072;SAMEIET SOLSIDEN;0;N/A;ESEK;;False
819944482;Sana Oris Tannklinikk AS;13;86.230;AS;;False
823421192;Sandblåsing Metallisering Og Overflatebehandling AS;1;25.620;AS;;False
820774582;SANDRAS GRILL V/NINOS NINOS AFRAM MOSHE;4;56.102;ENK;;False
817084532;Sandvikbygg AS;0;43.120;AS;;False
820881192;SANGEETHA JEYABALASINGAM PRASATH;0;86.211;ENK;;False
818065892;SANNE AS;18;86.909;AS;;False
816636582;SC Agency AS;0;46.160;AS;;False
817693482;SCAN-DIVE AS;1;42.210;AS;;False
815244672;Scandinavian Reach Technologies AS;30;62.010;AS;;False
823388152;SCITUS AS;1;71.129;AS;;False
820297032;SEAS ECO AS;0;39.000;AS;;True
822652662;Sebari Motor AS;0;45.112;AS;;False
820848772;SEILET EIENDOM AS;0;41.109;AS;;False
819982252;SEKO ELEKTROTEKNIKK AS;2;27.110;AS;;False
815592972;SEMAK AS;2;74.101;AS;;False
820328922;Sentrum Tannklinikk Alta AS;7;86.230;AS;;False
815429532;SENTRUMSPASSASJEN AS;0;68.209;AS;;False
811767662;SFD TECHNOLOGY AS;0;71.129;AS;;False
817404502;SHAREFOX AS;12;62.010;AS;;False
822396992;SHIPSHAVE AS;11;71.129;AS;;False
819499292;SIGGMA SUBSEA AS;2;71.129;AS;;False
817707742;SIGRUN BEKKEVOLD;0;74.909;ENK;;False
816977622;SIGURD-JOHAN THORHEIM CATERING;0;56.210;ENK;;False
821523222;SILHUETT SYKKYLVEN AS;5;47.710;AS;;False
814266222;SIV. ING. STENER SØRENSEN AS;34;71.121;AS;;False
811780332;SIVILINGENIØR OLE HAMMARI AS;2;71.121;AS;;False
815719972;SIVILØKONOM JOHAN MATHIS SOMBY;0;01.490;ENK;;False
821135982;SJ FISK AS;0;03.111;AS;;False
816309972;SJØHOLMEN KULTURHUS AS;24;56.101;AS;;False
820543432;SKARHAUGEN AS;0;68.100;AS;;False
815903862;Skarnes Farvehandel Knut Ivar Brinck;0;47.523;ENK;;False
819815852;Skarsdalen Utvikling AS;0;68.209;AS;;False
819336172;Skeiv Verden Vest;0;94.991;FLI;;False
811765422;Skintonic Svolvær AS;5;47.750;AS;;False
823417942;Skjoldingsneset Eiendom AS;0;68.209;AS;;False
822790232;SKODVIN GARD 96/3 ØYVIND FESTE;0;01.110;ENK;;False
816107172;SKOKLEMOEN AS;5;43.120;AS;;False
822249892;Skolegata 14-16 AS;0;68.209;AS;;False
814938352;Skomakergarden AS;0;79.120;AS;;False
815438612;SKULLERUD CONSULTING AS;1;74.903;AS;;False
817922392;SKULLERUD RØR AS;2;43.221;AS;;False
823404522;SKYSET UTBYGGING AS;0;41.109;AS;;False
816668522;Slomarka 57 AS;0;68.209;AS;;False
823261292;SLØRDAHL BYGGSERVICE AS;2;43.990;AS;;False
818160682;SMUDART CRAFTS WENCHE ANDERSEN;0;96.090;ENK;;False
819418462;SMØLA NATUROPPLEVELSER AS;0;79.903;AS;;False
821846242;SNEKKER HOLDING AS;0;43.320;AS;;False
819511772;SNØFOKK AS;6;56.101;AS;;False
813077132;SOLVIK UTVIKLING 1 AS;0;68.100;AS;;False
814609952;SON KIROPRAKTIKK OG HELSE AS;0;86.909;AS;;False
817208592;SOR CONSULT AS;0;74.909;AS;;False
813463202;SORTLAND MAT & VINHUS AS;0;56.101;AS;;False
815793382;Speidernes beredskapsgruppe Sør-Vest;0;94.991;FLI;;False
821578582;SPESIALISTKLINIKKEN HAUGESUND AVDELING HUD ULRICH CHRISTIAN BIER;0;86.221;ENK;;False
820609212;SPETAKKEL FESTIVALEN;0;90.020;FLI;;False
820444132;SPG AS;0;35.140;AS;;False
822903312;SPIRE INNOVASJON AS;2;70.220;AS;;False
817873162;SPORT OUTLET ALTA 31 AS;12;47.641;AS;;False
816898862;Sport Outlet Fauske 27 AS;7;47.641;AS;;False
816898692;Sport Outlet Geilo 29 AS;6;47.641;AS;;False
820548442;SPORT OUTLET KILDEN 73 AS;19;47.641;AS;;False
819563292;Sport Outlet Lillehammer 45 AS;9;46.494;AS;;False
822168752;Sport Outlet Narvik 70 AS;9;47.641;AS;;False
819607842;SPORT OUTLET STOVNER 75 AS;15;46.494;AS;;False
822927602;SQT AS;8;77.390;AS;;False
821723442;SRS MASKIN & LANDBRUK AS;17;43.120;AS;;False
815177762;START&DYNAMO OG BILELEKTRO AS;2;45.200;AS;;False
815580672;Startmicrohousing AS;0;74.103;AS;;False
821094682;STARTUPLAB FOUNDERS FUND III AS;0;00.000;AS;;False
819328692;STAURBAKK AS;12;43.210;AS;;False
812978322;STAVANGER INVESTERING SELSKAP AS;0;41.109;AS;;False
819656312;STAVANGER MASKIN AS;2;43.120;AS;;False
820489012;Stavanger-Gynekologene AS;4;86.221;AS;;False
813622882;Steigen Boligutleie AS;0;68.209;AS;;False
817866182;STELLA EIENDOM AS;0;68.209;AS;;False
821465362;STENSAAS CONSULTING;0;62.020;ENK;;False
814321002;STERKT DESIGN AS;1;62.020;AS;;False
816039142;STIAN SKJELBRED AS;0;62.010;AS;;False
815143272;STIAN STEFFENSEN AS;1;74.901;AS;;False
813873052;Stiftelsen Kåkå Kverulantkatedralen;5;90.040;STI;;False
817011152;STIFTELSEN OVERSKUDDSFABRIKKEN;0;94.992;STI;;False
811736252;STIFTELSEN SÆTRE GÅRD;17;56.101;STI;;False
819088632;STIFTINGA FEST I VEST;0;90.020;STI;;False
813999722;STIG PEDER JOHANSEN AS;1;41.200;AS;;False
823145802;STILLAS1 AS;25;43.990;AS;;False
817769152;STOKKE INDUSTRI EIENDOM AS;0;72.190;AS;;False
819743142;STOKMARKNESBYGGET AS;11;68.209;AS;;False
816198992;STORE O AS;2;74.102;AS;;False
811727962;Storebotn Utleie AS;0;68.209;AS;;False
812124072;Storenga AS;1;55.300;AS;;False
817471862;STORGATA PLATEBAR AS;10;56.101;AS;;False
820660382;Storheil AS;2;86.902;AS;;False
817472222;STORMHAV AS;0;03.111;AS;;False
820387732;STORMVIND AS;5;70.220;AS;;False
818786492;STORØYODDEN EIENDOM AS;0;68.209;AS;;False
819716072;STRABOO AS;0;62.010;AS;;False
821168082;STRANDHOLMEN AS;0;41.109;AS;;False
816222362;Studio 10;0;70.220;AS;;False
819257132;STØYP-IT AS;7;43.990;AS;;False
821493412;SULDAL SERVICE AS;19;78.200;AS;;False
817608582;SUNDVÅGEN KYSTFISKE AS;0;03.111;AS;;False
818562632;SUNLAND-EKER EIENDOM AS;0;17.120;AS;;False
821800382;SUORTÀ EIENDOM AS;0;68.100;AS;;False
821800412;SUORTÀ INVEST AS;0;00.000;AS;;False
816718082;SUPERMANZANA AS;0;68.100;AS;;False
818810962;SUSHI 153 COLLORA;0;56.101;ENK;;False
815649842;Svanelv Maskin AS;0;43.120;AS;;False
822031102;SVENSK EL-KVALITÈ AS;0;43.210;AS;;False
819927782;SVIGERFAR AS;2;81.101;AS;;False
818032102;SYKEPLEIER JANE BERIT BERG;0;86.909;ENK;;False
822742122;Sætre Eiendomsinvest AS;0;68.209;AS;;False
823479522;SÆVEREID CONSULTING AS;1;62.010;AS;;False
823378882;SØR TECH AS;2;33.120;AS;;False
811987972;SØRESTRANDA EIENDOM AS;0;68.100;AS;;False
815389182;T RIISE AS;6;47.710;AS;;False
812178792;T&R HAUGEN MASKIN AS;8;43.120;AS;;False
815863372;TAGLIANO & CO AS;1;59.110;AS;;False
822055362;TALENTECH GROUP AS;3;63.110;AS;;False
821219612;TANNKLINIKKEN MARISOL & KALDHEIM AS;6;86.230;AS;;False
818377142;TANNSMIA AS;7;32.500;AS;;False
822981712;TASTE OF THAI AS;1;56.102;AS;;False
823624182;Tasteful Foods Norway AS;1;46.390;AS;;False
812898752;Taxitomta Ii AS;0;68.209;AS;;False
821451442;TBK JENSEN;1;01.420;ENK;;False
819649952;TEACH ME AS;0;62.010;AS;;False
820649672;TEAM ADMIN AS;9;70.220;AS;;False
818434472;TEAM LEWEL AS;0;85.510;AS;;False
816632102;TEAM SERVICE J. OLSEN AS;1;62.020;AS;;False
817093582;TEDD AS;0;00.000;AS;;False
818315562;TEIGEN TOTAL AS;1;74.903;AS;;False
821729432;TELLA AS;2;71.129;AS;;False
815822102;TELLUS TRADING AS;0;73.110;AS;;False
817524222;Teoriappen AS;0;85.609;AS;;False
821351952;TERNEN UTBYGGING AS;0;41.109;AS;;False
816690102;Teveldal Turistgård AS;11;55.202;AS;;False
823458452;THAI SABAI MASSASJE AS;0;96.040;AS;;False
813842122;THAMS EIENDOMSUTVIKLING AS;0;41.109;AS;;False
821193842;THERESES TRAFIKKSKOLE AS;1;85.530;AS;;False
814572862;THF AS;0;41.109;AS;;False
818952872;Thomassen Rør AS;5;43.221;AS;;False
820882652;THORHILD WIDVEY CONSULTING AS;0;70.220;AS;;False
816561752;THORIR.PHOTO AS;0;74.200;AS;;False
815965302;Tjenna Barnehage AS;32;88.911;AS;;False
816765552;TK BETONG OG GRUNN AS;0;00.000;AS;;False
812166972;TMG 61 HOLDING AS;0;68.320;AS;;False
822105262;Tnv Holding AS;0;70.220;AS;;False
820026012;TOLÅS MARKETING AS;0;77.320;AS;;False
822960472;TORGERSEN LANGGATEN 38;0;68.209;ENK;;False
811564222;TORGHALLEN BODØ AS;0;68.320;AS;;False
822053602;TORIL N. JAREN AS;1;86.211;AS;;False
813203472;TORJUSEN BRANNSERVICE AS;3;71.200;AS;;False
814324982;TORVET AS;0;68.209;AS;;False
816900662;TOTENSVEIS AS;1;41.200;AS;;False
819859752;TRE & MASKIN AS;1;41.200;AS;;False
813459272;TRETEKNIKK ØSTFOLD AS;8;41.200;AS;;False
817188362;TREVERKET MAT & SKAFFERI AS;22;56.101;AS;;False
814573982;Trogi AS;0;71.121;AS;;False
815818652;TROLL SYSTEMS AS;13;28.990;AS;;False
816273242;TROMSØ SOSIALE ENTREPRENØRSKAP AS;7;56.101;AS;;False
814084922;TROND OLSEN MUR & FLIS AS;1;43.990;AS;;False
820411382;Trondheim Stein AS;4;43.990;AS;;False
818039662;Trondheim Ølutsalg AS;7;47.259;AS;;False
812026542;Tronds Montasjeservice Trond Petter Michelsen;0;73.110;ENK;;False
815489322;Trudes Hudpleie AS;5;96.020;AS;;False
822096972;TRYGGE BARN 2.0 AS;4;85.599;AS;;False
811445312;TRYGVE M ENGEBY AS;0;46.694;AS;;False
813297442;TRØNDERHOPP AKTIVITET AS;2;68.209;AS;;False
813968592;TRAA BYGG as;7;41.200;AS;;False
813855372;Tsrevisjon AS;11;69.202;AS;;False
812490672;TVETENVEIEN 154 B AS;0;68.209;AS;;False
813837692;TYTLANDSVIK AQUA AS;36;03.212;AS;;False
819750092;TØMMERVIKGRUPPEN 2 AS;0;70.220;AS;;False
822352332;TØMRER IVAR BAKKEN-BERG;0;41.200;ENK;;False
819180792;Tømrer Th Andersen;0;41.200;ENK;;True
819998922;TØMRER TOMMY JOHANSEN AS;1;41.200;AS;;False
816340152;TØMRERMESTER EIRIK AMUNDSEN AS;2;41.200;AS;;False
823219342;Ulrix Personal AS;8;78.200;AS;;False
813598132;UNSTAD ARCTIC SURF AS;41;55.101;AS;;False
818765622;Uomo AS;0;68.209;AS;;False
819392692;USOM AS;0;47.914;AS;;False
811620122;UTEPLASSEN.NO AS;5;47.919;AS;;False
816508762;UTLEIETELT.NO AS;5;77.210;AS;;False
822021662;VALHALL-INDUSTRI AS;11;33.120;AS;;False
816360552;VALLE EIE AS;0;69.201;AS;;False
821568242;VAMO AS;0;03.111;AS;;False
813255642;VANDRESKOEN AS;2;47.721;AS;;False
819200262;VANYLVEN BILPLEIE AS;1;45.200;AS;;False
814605752;VARANGER SPORTSLAGER AS;7;47.641;AS;;False
821785022;VARANGER TRAFIKKSKOLE AS;0;85.530;AS;;False
812159852;Veamyr Entreprenør AS;3;43.120;AS;;False
815687922;Vedterminalen Gunnar Hyllnes;0;47.990;ENK;;False
816535042;VEGARD HARM;0;90.012;ENK;;False
813536412;VEKO MASKIN AS;2;43.120;AS;;False
814737772;VEKSTHUSET EIENDOM AS;0;68.209;AS;;False
813100622;VENTILASJON OG MONTASJE AS;0;43.223;AS;;True
822939562;VERO BYGG EIENDOM AS;0;68.209;AS;;False
819072272;VEST HAVBRUK AS;0;03.213;AS;;False
811576662;VESTAKSEN SENTRUM AS;0;41.109;AS;;False
820014642;VESTERÅLSGATA 110 AS;0;68.209;AS;;False
815332342;Vestmar Service AS;0;81.101;AS;;False
813355442;VESTVÅGØY TAXI AS;0;52.211;AS;;False
818668252;VETERINÆR ELVENES AS;1;75.000;AS;;False
822349072;VETERINÆRVIKAREN AS;0;75.000;AS;;False
819272042;VIDAR J KRISTIANSEN AS;2;46.739;AS;;False
819229392;VIDENTIUM AS;0;62.010;AS;;False
818755112;VIK ASSURANSE AS;0;66.290;AS;;False
823070632;VIK BYGGSERVICE AS;8;41.200;AS;;False
820862562;VILBERG GRUPPEN AS;0;62.020;AS;;False
822171982;VINDU & HÅNDVERK AS;4;46.739;AS;;False
812181912;VINDUSPUSSEREN AS;5;81.220;AS;;False
821059542;VINOTEKET AS;12;56.101;AS;;False
817156452;VIPCAR AS;3;77.110;AS;;False
822207812;VISIT ALTA AS;1;79.901;AS;;False
817815782;VISMA DRAFTIT AS;8;69.100;AS;;False
816034272;Vitartak AS;5;43.919;AS;;False
820624262;VKT SUPERCARS AS;0;45.112;AS;;False
822213022;Vognveien 43 AS;0;41.200;AS;;False
818287712;VOLT SERVICE AS;46;03.213;AS;;False
817648452;VONSTETT MEDIA AS;1;90.034;AS;;False
815784332;VVD EXPERIENCE LARS OVEN PETTERSEN;0;85.510;ENK;;False
816069122;Vålerenga Stadion AS;0;68.320;AS;;False
820416112;Vaar AS;11;96.020;AS;;False
820506502;WALSETH GÅRD V/ MARIA HERNETKOSKI;4;01.410;ENK;;False
820365682;WELL INTERCEPT AS;2;09.101;AS;;False
818342322;West Robotics And Digitalisation AS;0;62.010;AS;;True
819306532;WESTJORD;0;74.101;ENK;;False
822928552;WEX HOTELS AS;6;55.101;AS;;False
820937422;WICAN REGNSKAP VESTFOLD AS;5;69.201;AS;;False
816881412;WICKNEGÅRDEN INVEST AS;0;68.100;AS;;False
818131062;Wiggo Erichsen Holding AS;0;68.209;AS;;False
812482122;WILL.I.JUICE AS;8;56.101;AS;;False
820024842;WISER AS;0;00.000;AS;;False
813322072;WAAG PRODUKSJONER AS;5;59.110;AS;;False
822706762;XIN AS;1;71.129;AS;;False
814499022;XPLORA MOBILE AS;0;61.900;AS;;False
820012542;Yako Restaurantdrift AS;5;56.101;AS;;False
817330622;YXNEY MARITIME AS;12;62.010;AS;;False
814308782;ZAKS FRISØR AS;3;96.020;AS;;False
813550172;ZENARIO AS;0;59.110;AS;;False
820708652;ZINO HOLDING AS;0;68.209;AS;;False
822088422;ØKSNES MØBELSENTER AS;6;46.471;AS;;False
823017022;ØLØL AS;5;46.349;AS;;False
811576352;ØST BOLIGUTVIKLING AS;0;68.100;AS;;False
821199832;ØSTLANDSKE BYGG AS;4;41.200;AS;;False
823197942;ØVRE 2 AS;0;68.209;AS;;False
819378142;ØVSTTUNVEIEN 46 AS;0;41.109;AS;;False
811661392;ØYNEBRÅTEN ANLEGGSTEKNIKK AS;19;43.120;AS;;False
815513932;ØYSKIPET AS;0;03.111;AS;;False
815442962;ØYVIND OSNES-RINGEN AS;8;86.221;AS;;False
823231032;AASLAND AS;0;70.220;AS;;False
815265262;ÅSTORP GÅRD ANS;0;68.209;ANS;;False
823566042;UNDERDAL MASKIN;;;ENK;2022-08-19;False
823414862;NORTHCON NORGE AS;;;AS;2022-11-09;False
823336772;HJELSETHGÅRDEN MARTIN L. HJELSETH;;;ENK;2020-10-23;False
823194552;EDINA BROHIER;;;ENK;2020-07-24;False
823176732;EXCESS HOLDING AS;;;AS;2021-01-15;False
823163762;HABO-EIENDOM AS;;;AS;2022-02-08;False
823048912;LJ ERVIK CONSULTING;;;ENK;2021-12-30;False
823010702;MATHISEN HUS & HYTTESERVICE OLE JOHAN MATHISEN;;;ENK;2020-09-23;False
822953972;NRGIZE AS;;;AS;2021-09-29;False
822773052;ALTA RENHOLD AS;;;AS;2021-09-25;False
822745512;Andreas Jahr AS;;;AS;2020-12-09;False
822698042;PPP RATVIKA EIENDOM AS;;;AS;2020-04-28;False
822611672;BLIKOM MEKANISKE;;;ENK;2022-09-01;False
822304842;MDP AS;;;AS;2021-06-14;False
822299792;ROGALAND HUS OG HAGE AS;;;AS;2021-11-10;False
822298362;SANDEL TOADER TRANSPORT;;;ENK;2021-05-27;False
822234372;MONICA KOLSETH;;;ENK;2022-03-07;False
822219802;FRISØRSALONG LILLE MARIA IDZANOVIC;;;ENK;2021-01-18;False
822193722;MUDO GYM NOTODDEN AS;;;AS;2021-02-06;False
822059902;MIINT INTERNATIONAL R.SIKORA;;;ENK;2022-03-22;False
822047572;HV VII INVEST FOXTROT II AS;;;AS;2020-12-08;False
822024742;ADVOKATFIRMAET ØSTVIK AS;;;AS;2022-12-27;False
822017762;SANDEFJORD BETONGSAGING AS;;;AS;2021-09-06;False
821903092;FROM II AS;;;AS;2021-07-03;False
821792282;TREBYGG SØR AS;;;AS;2022-11-16;False
821763622;BERGH CONSULTING;;;ENK;2020-12-02;False
821741602;MOLNES SEAFOOD AS;;;AS;2021-07-26;False
821723922;BALANSE EIGEDOM AS;;;AS;2021-01-27;False
821674662;ABL SKIN AS;;;AS;2022-08-03;False
821663482;MEMENTO NETWORK SERVICES AS;;;AS;2023-01-23;False
821661072;BOI GREFSEN 1 AS;;;AS;2020-07-08;False
821648092;NORSEATECH AS;;;AS;2022-01-05;False
821588782;GK KAMPANJE AS;;;AS;2022-07-09;False
821542332;LUNA HANDEL AS;;;AS;2022-04-28;False
821533112;SNEKKER R. NESS AS;;;AS;2022-04-25;False
821515432;KAPP SECURITIES AS;;;AS;2022-08-30;False
821456002;AURSNES & PARTNERS EIENDOMSMEGLING ÅLESUND AS;;;AS;2021-09-23;False
821332532;ROBOTIC TOWBARS AS;;;AS;2020-12-23;False
821307872;ASBJØRNSEN BYGG;;;ENK;2021-02-09;False
821306272;AMUNDSEN BAD & FLIS;;;ENK;2022-02-17;False
821284732;HAMNAHOLMEN MARINA AS;;;AS;2021-09-20;False
821182042;SVALBARD KYSTFISKE AS;;;AS;2020-11-30;False
821180252;GS TRANSPORT SJAFKAT ASIF GONDAL;;;ENK;2020-06-03;False
821160022;STRENDENE UTVIKLINGSSELSKAP AS;;;AS;2022-09-22;False
821154502;SMART ARCTIC AS;;;AS;2022-07-18;False
821149282;EIDISSEN CODEX AS;;;AS;2022-11-28;False
821109582;PROFF GRUPPEN BYGG AS;;;AS;2022-11-10;False
821107342;TAMAJ AS;;;AS;2022-12-05;False
821072212;HILDRING HAVN AS;;;AS;2020-12-03;False
820938062;STRØMSVIK OFFSHORE AS;;;AS;2022-03-14;False
820931262;ENERGI EIENDOM AS;;;AS;2021-11-01;False
820930762;EKS RØRFORNYING AS;;;AS;2022-11-28;False
820919092;RAC KANTINEDRIFT AS;;;AS;2022-01-29;False
820914872;ALU VINDUER AS;;;AS;2021-10-05;False
820659112;BLAALID RIV & BYGG AS;;;AS;2021-12-13;False
820627032;AITRAP AS;;;AS;2019-12-12;False
820625692;FLØIEN EIENDOM AS;;;AS;2021-12-10;False
820601882;LEIROSEN GARASJEDRIFT AS;;;AS;2020-12-16;False
820563352;ASPEN PT;;;ENK;2022-10-28;False
820465792;TREGÅRDEN RESTAURANT AS;;;AS;2020-10-12;False
820460642;TETT BYGG AS;;;AS;2022-09-12;False
820375572;CURIE AS;;;AS;2023-01-09;False
820251342;WEBJØRNSEN TRADING;;;ENK;2020-06-12;False
820180682;HAUGMO AS;;;AS;2020-08-24;False
820175972;WT INVESTMENT AS;;;AS;2021-12-14;False
820174402;HBAUER AS;;;AS;2022-05-09;False
820169522;SOMNA AS;;;AS;2020-06-09;False
820119312;FNP I4-4 AS;;;AS;2020-11-03;False
820119282;FNP I4-3 AS;;;AS;2020-11-03;False
819999422;TRULS REPPE;;;ENK;2019-07-23;False
819997292;7 FJELL KJEVEORTOPEDI AS;;;AS;2020-12-21;False
819855412;NORDISK VEDLIKEHOLD AS;;;AS;2021-03-11;False
819794952;B.TVEIT;;;ENK;2020-07-03;False
819760772;INGSCAN AS;;;AS;2021-05-18;False
819572062;GRØNN BOLIG HOLMESTRAND AS;;;AS;2020-03-19;False
819481822;HENRIETTES KJØKKEN HAUGALANDET AS;;;AS;2020-09-22;False
819405042;KURSEKSPERTEN AS;;;AS;2020-07-17;False
819196672;WIELAND BLUESEA AS;;;AS;2020-09-30;False
819175632;B&D UTVIKLING AS;;;AS;2021-03-13;False
819167362;BAUMAH KRZYSZTOF ZALEWSKI;;;ENK;2022-05-30;False
819165572;KYSTEN VANNSPORT AS;;;AS;2021-09-21;False
819155372;JESSHEIM BILPLEIE AS;;;AS;2022-01-31;False
819149712;FEEL24 TROMSØ AS;;;AS;2022-05-31;False
819115842;ML-SERVICE JUKKA MATIAS LEHTINEN;;;ENK;2022-02-07;False
819061602;WOK BEN TRE SUSHI TAKEAWAY AS;;;AS;2022-11-21;False
819046972;IDÉHUS HARSTAD AS;;;AS;2020-07-02;False
819035172;TECHFIKS AS;;;AS;2022-01-22;False
819016682;ES BYGG OG RENOVERING STANEVICIUS;;;ENK;2020-05-15;False
819004722;ENERGISUPPORT AS;;;AS;2020-04-21;False
819006482;VIKSKJÆR AS;;;AS;2021-12-20;False
818859872;ØRJANSEN ANLEGG AS;;;AS;2021-11-05;False
818671652;PUDDING-TV AS;;;AS;2021-11-09;False
818547102;SIKKERHET 24/7 AS;;;AS;2022-09-29;False
818510292;NORWEGIAN RAIN ROOM AS;;;AS;2022-11-30;False
818500742;BLUEOCEAN MARINE AS;;;AS;2020-12-09;False
818448252;TB CONSULT AS;;;AS;2021-11-29;False
818370652;SALTEN FISKEINDUSTRI AS;;;AS;2022-09-17;False
818347952;BOLIGUTVIKLING STAVANGER AS;;;AS;2020-11-18;False
818347472;VARIAL MEDIA AS;;;AS;2021-12-29;False
818280122;BRISOL LOFOTEN AS;;;AS;2021-11-02;False
818021992;SÆTHER KYSTFISKE AS;;;AS;2020-10-19;False
817902022;4 SMIL AS;;;AS;2021-01-18;False
817860532;MULTISERVICE NORD NORGE AS;;;AS;2021-02-11;False
817752292;MEIE AS;;;AS;2020-05-12;False
817741142;BELLE HOTELLDRIFT AS;;;AS;2020-10-29;False
817737382;NITTAYA THAIMAT AS;;;AS;2020-06-22;False
817708382;PARKETTSLIPEREN NORGE AS;;;AS;2022-09-27;False
817670032;STOR OSLO VEI OG ANLEGG AS;;;AS;2021-09-11;False
817650082;2TRE GO AS;;;AS;2021-10-12;False
817649602;SILING INVEST AS;;;AS;2021-04-12;False
817554822;ALL IN SPORTS AS;;;AS;2019-12-27;False
817485812;SPERA HELSE AS;;;AS;2022-03-24;False
817398022;RETAIL SOLUTION AS;;;AS;2020-07-21;False
817309682;RABBEN RESTAURANT AS;;;AS;2022-06-07;False
817279872;GOMAP AS;;;AS;2020-12-19;False
817245552;NORDENA AS;;;AS;2020-09-03;False
817181902;BESTEMORS EIENDOM AS;;;AS;2022-01-08;False
817101232;WENCHES PRODUKTER AS;;;AS;2020-06-30;False
817021042;MARMÆLEN AS;;;AS;2021-01-30;False
817020372;RABBEN MARINA AS;;;AS;2022-06-30;False
816996112;GICALA TRANSPORT AS;;;AS;2021-08-16;False
816899222;JANSON DA;;;DA;2022-10-11;False
816680042;DITT BYGG SALTEN AS;;;AS;2022-11-03;False
816516552;BÅTSFJORD FISKEDELIKATESSER AS;;;AS;2022-06-17;False
816504562;ENVIRO AS;;;AS;2022-01-19;False
816343372;JARNES.NO AS;;;AS;2021-09-01;False
816277752;BENT-ÅGE LUND RUSTAD;;;ENK;2021-07-09;False
815938542;LISA FLATTUM;;;ENK;2021-09-15;False
815896122;BULINSKI ENGINEERING;;;ENK;2020-01-21;False
815330412;ROGALAND SPORT AS;;;AS;2020-12-12;False
815279352;JORUNN PETERSEN;;;ENK;2021-12-31;False
814973492;BR BYGGSERVICE AS;;;AS;2022-01-24;False
814780082;UTTIAN FISK AS;;;AS;2021-02-04;False
814311422;JM RENTAL AS;;;AS;2022-12-10;False
814133842;PRIMA ENERGI AUST-AGDER AS;;;AS;2022-09-30;False
813326132;ISSO RENHOLD AL-MASRI;;;ENK;2021-09-02;False
813307782;JKG MUR AS;;;AS;2021-08-09;False
813259842;ANDREAS AS;;;AS;2019-12-07;False
813259052;SALTFJELLET HOTELL POLARSIRKELEN AS;;;AS;2021-01-05;False
813062372;BTECHNOLOGIES AB FILIAL I NORGE;;;NUF;2022-12-30;False
812761722;PROFF HAND AS;;;AS;2020-11-04;False
812673122;BRENNA ENTREPRENØR AS;;;AS;2022-11-24;False
811786322;KUNSTMALER LARS TVEIT AS;;;AS;2021-11-15;False
818705182;STR8LINE AS;;;AS;2020-11-09;False
818692722;CAM EIENDOM AS;;;AS;2019-12-17;False
815845382;TENDERHÅGEN EIENDOM AS;;;AS;2021-12-31;False
815286952;RAMONA SKOSALON AS;;;AS;2021-11-29;False
815179722;MEDIA DIGITAL AS;;;AS;2022-09-13;False
814906442;BJØRN WILLY STENSENS TAXI;;;ENK;2020-08-14;False
814849732;BAKERMESTEREN ELVERUM AS;;;AS;2021-11-10;False
814568342;DIEM AS;;;AS;2021-10-23;False
814073432;MR LOKALMATSENTER AS;;;AS;2021-11-30;False
814059472;ARCTIC HOST AS;;;AS;2021-05-20;False
813307952;LANDSTIL AS;;;AS;2022-10-15;False
813132702;SET SAIL AS;;;AS;2020-04-21;False
813104482;R15 HOLDING AS;;;AS;2020-03-05;False
813050412;HAUGESUND TAKSPESIALIST AS;;;AS;2022-02-02;False
812900862;DAKINI DHARMA PROJECTS AS;;;AS;2022-08-23;False
812722352;EIVIND A. LANGNES;;;ENK;2023-01-02;False
812394312;RAMSØ MASKIN IDAR RAMSØ;;;ENK;2020-04-17;False
